{"cameraMode":{"drawMode":0,"name":"Shaded","section":"Shading Mode"},"sceneLighting":true,"audioPlay":false,"sceneViewState":{"m_AlwaysRefresh":false,"showFog":true,"showSkybox":true,"showFlares":true,"showImageEffects":true,"showParticleSystems":true,"showVisualEffectGraphs":true,"m_FxEnabled":true},"in2DMode":false,"pivot":{"x":4.881476879119873,"y":-5.113700866699219,"z":10.285664558410645},"rotation":{"x":0.2672390341758728,"y":0.17796103656291963,"z":-0.050287507474422458,"w":0.9457196593284607},"size":9.359664916992188,"orthographic":false}